{
  "canvas": {
    "version": "2.2.11",
    "width": 2000,
    "height": 2000,
    "scrollTop": -149.99999403953564,
    "scrollLeft": -94.16666292481975,
    "zoomLevel": 1,
    "show": {
      "tableComment": true,
      "columnComment": true,
      "columnDataType": true,
      "columnDefault": true,
      "columnAutoIncrement": false,
      "columnPrimaryKey": true,
      "columnUnique": false,
      "columnNotNull": true,
      "relationship": true
    },
    "database": "MySQL",
    "databaseName": "",
    "canvasType": "@vuerd/builtin-sql-ddl",
    "language": "GraphQL",
    "tableCase": "pascalCase",
    "columnCase": "camelCase",
    "highlightTheme": "VS2015",
    "bracketType": "none",
    "setting": {
      "relationshipDataTypeSync": true,
      "relationshipOptimization": false,
      "columnOrder": [
        "columnName",
        "columnDataType",
        "columnNotNull",
        "columnUnique",
        "columnAutoIncrement",
        "columnDefault",
        "columnComment"
      ]
    },
    "pluginSerializationMap": {}
  },
  "table": {
    "tables": [
      {
        "name": "admin",
        "comment": "",
        "columns": [
          {
            "name": "aid",
            "comment": "",
            "dataType": "INT",
            "default": "",
            "option": {
              "autoIncrement": false,
              "primaryKey": true,
              "unique": false,
              "notNull": true
            },
            "ui": {
              "active": false,
              "pk": true,
              "fk": false,
              "pfk": false,
              "widthName": 60,
              "widthComment": 60,
              "widthDataType": 60,
              "widthDefault": 60
            },
            "id": "9d76cb58-10a7-4bb1-a6ce-090e2817e270"
          },
          {
            "name": "aname",
            "comment": "",
            "dataType": "TEXT",
            "default": "",
            "option": {
              "autoIncrement": false,
              "primaryKey": false,
              "unique": false,
              "notNull": false
            },
            "ui": {
              "active": false,
              "pk": false,
              "fk": false,
              "pfk": false,
              "widthName": 60,
              "widthComment": 60,
              "widthDataType": 60,
              "widthDefault": 60
            },
            "id": "119d8bf5-e009-488c-8b0c-9393dcb272c4"
          },
          {
            "name": "aemail",
            "comment": "",
            "dataType": "TEXT",
            "default": "",
            "option": {
              "autoIncrement": false,
              "primaryKey": false,
              "unique": false,
              "notNull": true
            },
            "ui": {
              "active": false,
              "pk": false,
              "fk": false,
              "pfk": false,
              "widthName": 60,
              "widthComment": 60,
              "widthDataType": 60,
              "widthDefault": 60
            },
            "id": "b388801f-399b-43ba-add4-e4fef6146c66"
          },
          {
            "name": "apassword",
            "comment": "",
            "dataType": "TEXT",
            "default": "",
            "option": {
              "autoIncrement": false,
              "primaryKey": false,
              "unique": false,
              "notNull": true
            },
            "ui": {
              "active": false,
              "pk": false,
              "fk": false,
              "pfk": false,
              "widthName": 64.8671875,
              "widthComment": 60,
              "widthDataType": 60,
              "widthDefault": 60
            },
            "id": "64e3e335-780d-479a-acb8-32cbf22b3ba3"
          }
        ],
        "ui": {
          "active": false,
          "left": 48.5424,
          "top": 127.7088,
          "zIndex": 311,
          "widthName": 60,
          "widthComment": 60,
          "color": "#FF0000"
        },
        "visible": true,
        "id": "91117572-75f5-471d-9519-da60a61d4f39"
      },
      {
        "name": "member",
        "comment": "",
        "columns": [
          {
            "name": "mid",
            "comment": "",
            "dataType": "INT",
            "default": "",
            "option": {
              "autoIncrement": false,
              "primaryKey": true,
              "unique": false,
              "notNull": true
            },
            "ui": {
              "active": false,
              "pk": true,
              "fk": false,
              "pfk": false,
              "widthName": 60,
              "widthComment": 60,
              "widthDataType": 60,
              "widthDefault": 60
            },
            "id": "5b2445ae-9c21-47b5-a965-2e32499cd0a0"
          },
          {
            "name": "mname",
            "comment": "",
            "dataType": "TEXT",
            "default": "",
            "option": {
              "autoIncrement": false,
              "primaryKey": false,
              "unique": false,
              "notNull": false
            },
            "ui": {
              "active": false,
              "pk": false,
              "fk": false,
              "pfk": false,
              "widthName": 60,
              "widthComment": 60,
              "widthDataType": 60,
              "widthDefault": 60
            },
            "id": "0fa80d31-93ca-4777-8c05-6aa4c3cb6b47"
          },
          {
            "name": "memail",
            "comment": "",
            "dataType": "TEXT",
            "default": "",
            "option": {
              "autoIncrement": false,
              "primaryKey": false,
              "unique": false,
              "notNull": false
            },
            "ui": {
              "active": false,
              "pk": false,
              "fk": false,
              "pfk": false,
              "widthName": 60,
              "widthComment": 60,
              "widthDataType": 60,
              "widthDefault": 60
            },
            "id": "e1d70bad-b293-4c88-b564-11820c274530"
          },
          {
            "name": "mpassword",
            "comment": "",
            "dataType": "TEXT",
            "default": "",
            "option": {
              "autoIncrement": false,
              "primaryKey": false,
              "unique": false,
              "notNull": false
            },
            "ui": {
              "active": false,
              "pk": false,
              "fk": false,
              "pfk": false,
              "widthName": 68.46630859375,
              "widthComment": 60,
              "widthDataType": 60,
              "widthDefault": 60
            },
            "id": "a06d9718-44fc-4b46-88a3-5c5eb6d94f4f"
          }
        ],
        "ui": {
          "active": false,
          "left": 7.5006,
          "top": 417.4998,
          "zIndex": 278,
          "widthName": 60,
          "widthComment": 60,
          "color": "#00FF26"
        },
        "visible": true,
        "id": "c411c76a-b2c7-49e3-92ff-29673a8c2104"
      },
      {
        "name": "tableinfo",
        "comment": "",
        "columns": [
          {
            "name": "tid",
            "comment": "",
            "dataType": "INT",
            "default": "",
            "option": {
              "autoIncrement": false,
              "primaryKey": true,
              "unique": false,
              "notNull": true
            },
            "ui": {
              "active": false,
              "pk": true,
              "fk": false,
              "pfk": false,
              "widthName": 60,
              "widthComment": 60,
              "widthDataType": 60,
              "widthDefault": 60
            },
            "id": "62d03fb0-fb40-45b8-9fc0-de7e699fbacd"
          },
          {
            "name": "tline",
            "comment": "",
            "dataType": "TEXT",
            "default": "",
            "option": {
              "autoIncrement": false,
              "primaryKey": false,
              "unique": false,
              "notNull": false
            },
            "ui": {
              "active": false,
              "pk": false,
              "fk": false,
              "pfk": false,
              "widthName": 60,
              "widthComment": 60,
              "widthDataType": 60,
              "widthDefault": 60
            },
            "id": "a0a39530-1e57-49a0-a8ec-9201f093b8b6"
          }
        ],
        "ui": {
          "active": false,
          "left": 475.0016,
          "top": 472.5005,
          "zIndex": 347,
          "widthName": 60,
          "widthComment": 60,
          "color": "#002FFF"
        },
        "visible": true,
        "id": "97d3f978-b0d7-4490-b9da-f66030ed1a1c"
      },
      {
        "name": "package",
        "comment": "",
        "columns": [
          {
            "name": "pid",
            "comment": "",
            "dataType": "INT",
            "default": "",
            "option": {
              "autoIncrement": false,
              "primaryKey": true,
              "unique": false,
              "notNull": true
            },
            "ui": {
              "active": false,
              "pk": true,
              "fk": false,
              "pfk": false,
              "widthName": 60,
              "widthComment": 60,
              "widthDataType": 60,
              "widthDefault": 60
            },
            "id": "9f7f3595-d082-44f4-a648-843ac5a90b89"
          },
          {
            "name": "pname",
            "comment": "",
            "dataType": "TEXT",
            "default": "",
            "option": {
              "autoIncrement": false,
              "primaryKey": false,
              "unique": false,
              "notNull": false
            },
            "ui": {
              "active": false,
              "pk": false,
              "fk": false,
              "pfk": false,
              "widthName": 60,
              "widthComment": 60,
              "widthDataType": 60,
              "widthDefault": 60
            },
            "id": "8dfc8cd1-25a7-43a7-a93f-423b0015dabd"
          },
          {
            "name": "detail",
            "comment": "",
            "dataType": "TEXT",
            "default": "",
            "option": {
              "autoIncrement": false,
              "primaryKey": false,
              "unique": false,
              "notNull": false
            },
            "ui": {
              "active": false,
              "pk": false,
              "fk": false,
              "pfk": false,
              "widthName": 60,
              "widthComment": 60,
              "widthDataType": 60,
              "widthDefault": 60
            },
            "id": "1096bc60-c113-426b-86c9-40456793b7d2"
          },
          {
            "name": "price",
            "comment": "",
            "dataType": "TEXT",
            "default": "",
            "option": {
              "autoIncrement": false,
              "primaryKey": false,
              "unique": false,
              "notNull": false
            },
            "ui": {
              "active": false,
              "pk": false,
              "fk": false,
              "pfk": false,
              "widthName": 60,
              "widthComment": 60,
              "widthDataType": 60,
              "widthDefault": 60
            },
            "id": "78311135-cc6c-4405-bc1e-d870936155ef"
          }
        ],
        "ui": {
          "active": false,
          "left": 949.1661,
          "top": 419.9992,
          "zIndex": 299,
          "widthName": 60,
          "widthComment": 60,
          "color": "#00A0FF"
        },
        "visible": true,
        "id": "e196a780-5122-49ab-9e17-0bf9195b4aa2"
      },
      {
        "name": "reservation",
        "comment": "",
        "columns": [
          {
            "name": "rid",
            "comment": "",
            "dataType": "INT",
            "default": "",
            "option": {
              "autoIncrement": false,
              "primaryKey": true,
              "unique": false,
              "notNull": true
            },
            "ui": {
              "active": false,
              "pk": true,
              "fk": false,
              "pfk": false,
              "widthName": 60,
              "widthComment": 60,
              "widthDataType": 60,
              "widthDefault": 60
            },
            "id": "fe32587f-0071-41dc-bf41-de5e8d6b9493"
          },
          {
            "name": "tid",
            "comment": "",
            "dataType": "INT",
            "default": "",
            "option": {
              "autoIncrement": false,
              "primaryKey": false,
              "unique": false,
              "notNull": true
            },
            "ui": {
              "active": false,
              "pk": false,
              "fk": true,
              "pfk": false,
              "widthName": 60,
              "widthComment": 60,
              "widthDataType": 60,
              "widthDefault": 60
            },
            "id": "fe796321-251c-4abb-8a47-9dec1b57e96f"
          },
          {
            "name": "pid",
            "comment": "",
            "dataType": "INT",
            "default": "",
            "option": {
              "autoIncrement": false,
              "primaryKey": false,
              "unique": false,
              "notNull": true
            },
            "ui": {
              "active": false,
              "pk": false,
              "fk": true,
              "pfk": false,
              "widthName": 60,
              "widthComment": 60,
              "widthDataType": 60,
              "widthDefault": 60
            },
            "id": "a60822f4-9e2e-499b-9616-982eb3417fd1"
          },
          {
            "name": "mid",
            "comment": "",
            "dataType": "INT",
            "default": "",
            "option": {
              "autoIncrement": false,
              "primaryKey": false,
              "unique": false,
              "notNull": true
            },
            "ui": {
              "active": false,
              "pk": false,
              "fk": true,
              "pfk": false,
              "widthName": 60,
              "widthComment": 60,
              "widthDataType": 60,
              "widthDefault": 60
            },
            "id": "f7b82019-84f2-42a2-a13b-eeb3d3c2c64a"
          },
          {
            "name": "seat",
            "comment": "",
            "dataType": "INT",
            "default": "",
            "option": {
              "autoIncrement": false,
              "primaryKey": false,
              "unique": false,
              "notNull": false
            },
            "ui": {
              "active": false,
              "pk": false,
              "fk": false,
              "pfk": false,
              "widthName": 60,
              "widthComment": 60,
              "widthDataType": 60,
              "widthDefault": 60
            },
            "id": "7824354b-82cf-4b5b-b39f-482ec681a986"
          },
          {
            "name": "reservtime",
            "comment": "",
            "dataType": "TIME",
            "default": "",
            "option": {
              "autoIncrement": false,
              "primaryKey": false,
              "unique": false,
              "notNull": false
            },
            "ui": {
              "active": false,
              "pk": false,
              "fk": false,
              "pfk": false,
              "widthName": 62.67724609375,
              "widthComment": 60,
              "widthDataType": 60,
              "widthDefault": 60
            },
            "id": "e1ce88b9-202b-4d21-b934-348d8a57dc8e"
          }
        ],
        "ui": {
          "active": false,
          "left": 474.1662,
          "top": 216.6668,
          "zIndex": 331,
          "widthName": 66.30810546875,
          "widthComment": 60
        },
        "visible": true,
        "id": "bca89376-f4b6-4c43-9e87-db475c13062f"
      },
      {
        "name": "walkin",
        "comment": "",
        "columns": [
          {
            "name": "wid",
            "comment": "",
            "dataType": "INT",
            "default": "",
            "option": {
              "autoIncrement": false,
              "primaryKey": true,
              "unique": false,
              "notNull": true
            },
            "ui": {
              "active": false,
              "pk": true,
              "fk": false,
              "pfk": false,
              "widthName": 60,
              "widthComment": 60,
              "widthDataType": 60,
              "widthDefault": 60
            },
            "id": "e5ad855d-5469-49f2-abda-f2acb93acb86"
          },
          {
            "name": "mid",
            "comment": "",
            "dataType": "INT",
            "default": "",
            "option": {
              "autoIncrement": false,
              "primaryKey": false,
              "unique": false,
              "notNull": true
            },
            "ui": {
              "active": false,
              "pk": false,
              "fk": true,
              "pfk": false,
              "widthName": 60,
              "widthComment": 60,
              "widthDataType": 60,
              "widthDefault": 60
            },
            "id": "5b4aac30-a78f-47a4-84e2-94a34d1848eb"
          },
          {
            "name": "pid",
            "comment": "",
            "dataType": "INT",
            "default": "",
            "option": {
              "autoIncrement": false,
              "primaryKey": false,
              "unique": false,
              "notNull": true
            },
            "ui": {
              "active": false,
              "pk": false,
              "fk": true,
              "pfk": false,
              "widthName": 60,
              "widthComment": 60,
              "widthDataType": 60,
              "widthDefault": 60
            },
            "id": "41437e54-64a5-48d6-bdff-5416aa2c2cbd"
          },
          {
            "name": "tid",
            "comment": "",
            "dataType": "INT",
            "default": "",
            "option": {
              "autoIncrement": false,
              "primaryKey": false,
              "unique": false,
              "notNull": true
            },
            "ui": {
              "active": false,
              "pk": false,
              "fk": true,
              "pfk": false,
              "widthName": 60,
              "widthComment": 60,
              "widthDataType": 60,
              "widthDefault": 60
            },
            "id": "58142991-e114-41f7-969c-896f8f2cc90f"
          },
          {
            "name": "seat",
            "comment": "",
            "dataType": "INT",
            "default": "",
            "option": {
              "autoIncrement": false,
              "primaryKey": false,
              "unique": false,
              "notNull": false
            },
            "ui": {
              "active": false,
              "pk": false,
              "fk": false,
              "pfk": false,
              "widthName": 60,
              "widthComment": 60,
              "widthDataType": 60,
              "widthDefault": 60
            },
            "id": "772dfabb-90ca-4cfc-bdce-664856c6291a"
          },
          {
            "name": "walkintime",
            "comment": "",
            "dataType": "TIME",
            "default": "",
            "option": {
              "autoIncrement": false,
              "primaryKey": false,
              "unique": false,
              "notNull": false
            },
            "ui": {
              "active": false,
              "pk": false,
              "fk": false,
              "pfk": false,
              "widthName": 62.68359375,
              "widthComment": 60,
              "widthDataType": 60,
              "widthDefault": 60
            },
            "id": "9fb3a069-e646-42d9-b2a0-3eb1fae059be"
          }
        ],
        "ui": {
          "active": false,
          "left": 472.9177,
          "top": 676.6657,
          "zIndex": 337,
          "widthName": 60,
          "widthComment": 60
        },
        "visible": true,
        "id": "e76ec86d-82d5-468a-8d73-6e755580aeae"
      }
    ],
    "indexes": []
  },
  "memo": {
    "memos": []
  },
  "relationship": {
    "relationships": [
      {
        "identification": false,
        "relationshipType": "OneOnly",
        "startRelationshipType": "Dash",
        "start": {
          "tableId": "e196a780-5122-49ab-9e17-0bf9195b4aa2",
          "columnIds": [
            "9f7f3595-d082-44f4-a648-843ac5a90b89"
          ],
          "x": 949.1661,
          "y": 457.7492,
          "direction": "left"
        },
        "end": {
          "tableId": "bca89376-f4b6-4c43-9e87-db475c13062f",
          "columnIds": [
            "a60822f4-9e2e-499b-9616-982eb3417fd1"
          ],
          "x": 823.84344609375,
          "y": 312.66679999999997,
          "direction": "right"
        },
        "constraintName": "fk_package_to_reservation",
        "visible": true,
        "id": "b2893ea8-f783-4f8c-9097-f52949e7a447"
      },
      {
        "identification": false,
        "relationshipType": "OneN",
        "startRelationshipType": "Dash",
        "start": {
          "tableId": "c411c76a-b2c7-49e3-92ff-29673a8c2104",
          "columnIds": [
            "5b2445ae-9c21-47b5-a965-2e32499cd0a0"
          ],
          "x": 362.96690859375,
          "y": 455.2498,
          "direction": "right"
        },
        "end": {
          "tableId": "bca89376-f4b6-4c43-9e87-db475c13062f",
          "columnIds": [
            "f7b82019-84f2-42a2-a13b-eeb3d3c2c64a"
          ],
          "x": 474.1662,
          "y": 312.66679999999997,
          "direction": "left"
        },
        "constraintName": "fk_member_to_reservation",
        "visible": true,
        "id": "e3c70b22-b11c-4355-b850-4fbe30b5f83a"
      },
      {
        "identification": false,
        "relationshipType": "OneOnly",
        "startRelationshipType": "Dash",
        "start": {
          "tableId": "c411c76a-b2c7-49e3-92ff-29673a8c2104",
          "columnIds": [
            "5b2445ae-9c21-47b5-a965-2e32499cd0a0"
          ],
          "x": 362.96690859375,
          "y": 530.7498,
          "direction": "right"
        },
        "end": {
          "tableId": "e76ec86d-82d5-468a-8d73-6e755580aeae",
          "columnIds": [
            "5b4aac30-a78f-47a4-84e2-94a34d1848eb"
          ],
          "x": 472.9177,
          "y": 772.6657,
          "direction": "left"
        },
        "constraintName": "fk_member_to_walkin",
        "visible": true,
        "id": "821afcb8-eca4-4dc2-979e-274d83ca3161"
      },
      {
        "identification": false,
        "relationshipType": "OneOnly",
        "startRelationshipType": "Dash",
        "start": {
          "tableId": "e196a780-5122-49ab-9e17-0bf9195b4aa2",
          "columnIds": [
            "9f7f3595-d082-44f4-a648-843ac5a90b89"
          ],
          "x": 949.1661,
          "y": 533.2492,
          "direction": "left"
        },
        "end": {
          "tableId": "e76ec86d-82d5-468a-8d73-6e755580aeae",
          "columnIds": [
            "41437e54-64a5-48d6-bdff-5416aa2c2cbd"
          ],
          "x": 822.60129375,
          "y": 772.6657,
          "direction": "right"
        },
        "constraintName": "fk_package_to_walkin",
        "visible": true,
        "id": "05d9557b-27da-4b88-9514-6336248e9d97"
      },
      {
        "identification": false,
        "relationshipType": "OneN",
        "startRelationshipType": "Dash",
        "start": {
          "tableId": "97d3f978-b0d7-4490-b9da-f66030ed1a1c",
          "columnIds": [
            "62d03fb0-fb40-45b8-9fc0-de7e699fbacd"
          ],
          "x": 648.5016,
          "y": 472.5005,
          "direction": "top"
        },
        "end": {
          "tableId": "bca89376-f4b6-4c43-9e87-db475c13062f",
          "columnIds": [
            "fe796321-251c-4abb-8a47-9dec1b57e96f"
          ],
          "x": 649.004823046875,
          "y": 408.66679999999997,
          "direction": "bottom"
        },
        "constraintName": "fk_table_to_reservation",
        "visible": true,
        "id": "ca051b01-798b-4da4-adf2-ab1416295315"
      },
      {
        "identification": false,
        "relationshipType": "OneN",
        "startRelationshipType": "Dash",
        "start": {
          "tableId": "97d3f978-b0d7-4490-b9da-f66030ed1a1c",
          "columnIds": [
            "62d03fb0-fb40-45b8-9fc0-de7e699fbacd"
          ],
          "x": 648.5016,
          "y": 582.5005,
          "direction": "bottom"
        },
        "end": {
          "tableId": "e76ec86d-82d5-468a-8d73-6e755580aeae",
          "columnIds": [
            "58142991-e114-41f7-969c-896f8f2cc90f"
          ],
          "x": 647.759496875,
          "y": 676.6657,
          "direction": "top"
        },
        "constraintName": "fk_table_to_walkin",
        "visible": true,
        "id": "70a98f75-78af-48f3-8b82-3d966c84933b"
      }
    ]
  }
}