{
  "canvas": {
    "version": "2.2.11",
    "width": 2000,
    "height": 2000,
    "scrollTop": 0,
    "scrollLeft": 0,
    "zoomLevel": 1,
    "show": {
      "tableComment": true,
      "columnComment": true,
      "columnDataType": true,
      "columnDefault": true,
      "columnAutoIncrement": false,
      "columnPrimaryKey": true,
      "columnUnique": false,
      "columnNotNull": true,
      "relationship": true
    },
    "database": "MySQL",
    "databaseName": "",
    "canvasType": "@vuerd/builtin-sql-ddl",
    "language": "GraphQL",
    "tableCase": "pascalCase",
    "columnCase": "camelCase",
    "highlightTheme": "VS2015",
    "bracketType": "none",
    "setting": {
      "relationshipDataTypeSync": true,
      "relationshipOptimization": false,
      "columnOrder": [
        "columnName",
        "columnDataType",
        "columnNotNull",
        "columnUnique",
        "columnAutoIncrement",
        "columnDefault",
        "columnComment"
      ]
    },
    "pluginSerializationMap": {}
  },
  "table": {
    "tables": [
      {
        "name": "tablenumber",
        "comment": "",
        "columns": [
          {
            "name": "tid",
            "comment": "",
            "dataType": "INT",
            "default": "",
            "option": {
              "autoIncrement": false,
              "primaryKey": true,
              "unique": false,
              "notNull": true
            },
            "ui": {
              "active": false,
              "pk": true,
              "fk": false,
              "pfk": false,
              "widthName": 60,
              "widthComment": 60,
              "widthDataType": 60,
              "widthDefault": 60
            },
            "id": "c407e1c2-932f-493a-854b-18d6576b1222"
          },
          {
            "name": "tstatus",
            "comment": "",
            "dataType": "TEXT",
            "default": "",
            "option": {
              "autoIncrement": false,
              "primaryKey": false,
              "unique": false,
              "notNull": false
            },
            "ui": {
              "active": false,
              "pk": false,
              "fk": false,
              "pfk": false,
              "widthName": 60,
              "widthComment": 60,
              "widthDataType": 60,
              "widthDefault": 60
            },
            "id": "69a36153-0feb-4b33-a52f-868dbd34ea37"
          }
        ],
        "ui": {
          "active": false,
          "left": 578.6107,
          "top": 739.5372,
          "zIndex": 3,
          "widthName": 74.26806640625,
          "widthComment": 60,
          "color": "#FF00BD"
        },
        "visible": true,
        "id": "aef7ab90-0cac-4bde-af9b-59614fda2658"
      },
      {
        "name": "staff",
        "comment": "",
        "columns": [
          {
            "name": "sid",
            "comment": "",
            "dataType": "INT",
            "default": "",
            "option": {
              "autoIncrement": false,
              "primaryKey": true,
              "unique": false,
              "notNull": true
            },
            "ui": {
              "active": false,
              "pk": true,
              "fk": false,
              "pfk": false,
              "widthName": 60,
              "widthComment": 60,
              "widthDataType": 60,
              "widthDefault": 60
            },
            "id": "19ec131b-af92-43eb-a31b-ef4bb2331e7d"
          },
          {
            "name": "sname",
            "comment": "",
            "dataType": "TEXT",
            "default": "",
            "option": {
              "autoIncrement": false,
              "primaryKey": false,
              "unique": false,
              "notNull": false
            },
            "ui": {
              "active": false,
              "pk": false,
              "fk": false,
              "pfk": false,
              "widthName": 60,
              "widthComment": 60,
              "widthDataType": 60,
              "widthDefault": 60
            },
            "id": "7c7bdaef-a808-443f-8b52-43f1f1054ece"
          },
          {
            "name": "sphone",
            "comment": "",
            "dataType": "TEXT",
            "default": "",
            "option": {
              "autoIncrement": false,
              "primaryKey": false,
              "unique": false,
              "notNull": false
            },
            "ui": {
              "active": false,
              "pk": false,
              "fk": false,
              "pfk": false,
              "widthName": 60,
              "widthComment": 60,
              "widthDataType": 60,
              "widthDefault": 60
            },
            "id": "dd12101a-83c5-47a5-b4bf-9dcdf3bae5bb"
          },
          {
            "name": "spassword",
            "comment": "",
            "dataType": "TEXT",
            "default": "",
            "option": {
              "autoIncrement": false,
              "primaryKey": false,
              "unique": false,
              "notNull": false
            },
            "ui": {
              "active": false,
              "pk": false,
              "fk": false,
              "pfk": false,
              "widthName": 64.13720703125,
              "widthComment": 60,
              "widthDataType": 60,
              "widthDefault": 60
            },
            "id": "7d4912ea-0854-461d-a9e2-49757206b24c"
          }
        ],
        "ui": {
          "active": false,
          "left": 28.0557,
          "top": 225.6491,
          "zIndex": 5,
          "widthName": 60,
          "widthComment": 60
        },
        "visible": true,
        "id": "584b3422-8e86-4846-a44d-5e4451b0f2a9"
      },
      {
        "name": "foodorder",
        "comment": "",
        "columns": [
          {
            "name": "oid",
            "comment": "",
            "dataType": "INT",
            "default": "",
            "option": {
              "autoIncrement": false,
              "primaryKey": true,
              "unique": false,
              "notNull": true
            },
            "ui": {
              "active": false,
              "pk": true,
              "fk": false,
              "pfk": false,
              "widthName": 60,
              "widthComment": 60,
              "widthDataType": 60,
              "widthDefault": 60
            },
            "id": "dcbdd813-a5e6-4d85-a905-4a761c60ffb2"
          },
          {
            "name": "pid",
            "comment": "",
            "dataType": "INT",
            "default": "",
            "option": {
              "autoIncrement": false,
              "primaryKey": false,
              "unique": false,
              "notNull": true
            },
            "ui": {
              "active": false,
              "pk": false,
              "fk": false,
              "pfk": false,
              "widthName": 60,
              "widthComment": 60,
              "widthDataType": 60,
              "widthDefault": 60
            },
            "id": "50e327e0-190e-463f-8e01-d7621e243ab0"
          },
          {
            "name": "sid",
            "comment": "",
            "dataType": "INT",
            "default": "",
            "option": {
              "autoIncrement": false,
              "primaryKey": false,
              "unique": false,
              "notNull": true
            },
            "ui": {
              "active": false,
              "pk": false,
              "fk": false,
              "pfk": false,
              "widthName": 60,
              "widthComment": 60,
              "widthDataType": 60,
              "widthDefault": 60
            },
            "id": "b4b759f7-e54f-48d1-9be3-25213be05243"
          },
          {
            "name": "tid",
            "comment": "",
            "dataType": "INT",
            "default": "",
            "option": {
              "autoIncrement": false,
              "primaryKey": false,
              "unique": false,
              "notNull": true
            },
            "ui": {
              "active": false,
              "pk": false,
              "fk": false,
              "pfk": false,
              "widthName": 60,
              "widthComment": 60,
              "widthDataType": 60,
              "widthDefault": 60
            },
            "id": "d10a53e1-ced9-4c54-ad22-c2d5039e9d42"
          },
          {
            "name": "oname",
            "comment": "",
            "dataType": "TEXT",
            "default": "",
            "option": {
              "autoIncrement": false,
              "primaryKey": false,
              "unique": false,
              "notNull": false
            },
            "ui": {
              "active": false,
              "pk": false,
              "fk": false,
              "pfk": false,
              "widthName": 60,
              "widthComment": 60,
              "widthDataType": 60,
              "widthDefault": 60
            },
            "id": "5d2ef4af-54c4-4d40-8d87-b0ef4a0b7145"
          },
          {
            "name": "oprice",
            "comment": "",
            "dataType": "INT",
            "default": "",
            "option": {
              "autoIncrement": false,
              "primaryKey": false,
              "unique": false,
              "notNull": false
            },
            "ui": {
              "active": false,
              "pk": false,
              "fk": false,
              "pfk": false,
              "widthName": 60,
              "widthComment": 60,
              "widthDataType": 60,
              "widthDefault": 60
            },
            "id": "ca3381c3-e5fa-41b0-8582-526b97a3486f"
          }
        ],
        "ui": {
          "active": false,
          "left": 32.5941,
          "top": 476.7582,
          "zIndex": 4,
          "widthName": 60,
          "widthComment": 60,
          "color": "#9FFFA9"
        },
        "visible": true,
        "id": "d9ad6295-9c33-43f3-99e7-b9f5762e6f5e"
      },
      {
        "name": "admin",
        "comment": "",
        "columns": [
          {
            "name": "aid",
            "comment": "",
            "dataType": "INT",
            "default": "",
            "option": {
              "autoIncrement": false,
              "primaryKey": true,
              "unique": false,
              "notNull": true
            },
            "ui": {
              "active": false,
              "pk": true,
              "fk": false,
              "pfk": false,
              "widthName": 60,
              "widthComment": 60,
              "widthDataType": 60,
              "widthDefault": 60
            },
            "id": "47c5710b-4bbd-4b6b-b702-fff1af59a95b"
          },
          {
            "name": "aname",
            "comment": "",
            "dataType": "TEXT",
            "default": "",
            "option": {
              "autoIncrement": false,
              "primaryKey": false,
              "unique": false,
              "notNull": false
            },
            "ui": {
              "active": false,
              "pk": false,
              "fk": false,
              "pfk": false,
              "widthName": 60,
              "widthComment": 60,
              "widthDataType": 60,
              "widthDefault": 60
            },
            "id": "e74b6121-2b07-492e-ad3c-46a845882697"
          },
          {
            "name": "aemail",
            "comment": "",
            "dataType": "TEXT",
            "default": "",
            "option": {
              "autoIncrement": false,
              "primaryKey": false,
              "unique": false,
              "notNull": false
            },
            "ui": {
              "active": false,
              "pk": false,
              "fk": false,
              "pfk": false,
              "widthName": 60,
              "widthComment": 60,
              "widthDataType": 60,
              "widthDefault": 60
            },
            "id": "56bf6a7c-198b-45d5-bd6c-b7303978405f"
          },
          {
            "name": "apassword",
            "comment": "",
            "dataType": "TEXT",
            "default": "",
            "option": {
              "autoIncrement": false,
              "primaryKey": false,
              "unique": false,
              "notNull": false
            },
            "ui": {
              "active": false,
              "pk": false,
              "fk": false,
              "pfk": false,
              "widthName": 64.8671875,
              "widthComment": 60,
              "widthDataType": 60,
              "widthDefault": 60
            },
            "id": "338cf27c-94d6-450e-b7dd-fb13fdcd2f27"
          }
        ],
        "ui": {
          "active": false,
          "left": 28.4258,
          "top": 35.9252,
          "zIndex": 1,
          "widthName": 60,
          "widthComment": 60,
          "color": "#FF0000"
        },
        "visible": true,
        "id": "2ed3d41a-7645-4c6e-b95b-868585f3a22f"
      },
      {
        "name": "product",
        "comment": "",
        "columns": [
          {
            "name": "pid",
            "comment": "",
            "dataType": "INT",
            "default": "",
            "option": {
              "autoIncrement": false,
              "primaryKey": true,
              "unique": false,
              "notNull": true
            },
            "ui": {
              "active": false,
              "pk": true,
              "fk": false,
              "pfk": false,
              "widthName": 60,
              "widthComment": 60,
              "widthDataType": 60,
              "widthDefault": 60
            },
            "id": "1680b1f1-6d15-4f0c-b0ba-70fd08661574"
          },
          {
            "name": "catid",
            "comment": "",
            "dataType": "INT",
            "default": "",
            "option": {
              "autoIncrement": false,
              "primaryKey": false,
              "unique": false,
              "notNull": true
            },
            "ui": {
              "active": false,
              "pk": false,
              "fk": false,
              "pfk": false,
              "widthName": 60,
              "widthComment": 60,
              "widthDataType": 60,
              "widthDefault": 60
            },
            "id": "e0c6dc15-ab84-4197-b578-0e0079ca3875"
          },
          {
            "name": "pname",
            "comment": "",
            "dataType": "TEXT",
            "default": "",
            "option": {
              "autoIncrement": false,
              "primaryKey": false,
              "unique": false,
              "notNull": false
            },
            "ui": {
              "active": false,
              "pk": false,
              "fk": false,
              "pfk": false,
              "widthName": 60,
              "widthComment": 60,
              "widthDataType": 60,
              "widthDefault": 60
            },
            "id": "85093e32-e927-4425-ab47-e936a2a2d984"
          },
          {
            "name": "pprice",
            "comment": "",
            "dataType": "INT",
            "default": "",
            "option": {
              "autoIncrement": false,
              "primaryKey": false,
              "unique": false,
              "notNull": false
            },
            "ui": {
              "active": false,
              "pk": false,
              "fk": false,
              "pfk": false,
              "widthName": 60,
              "widthComment": 60,
              "widthDataType": 60,
              "widthDefault": 60
            },
            "id": "bf5c92b2-afae-4bfc-abb6-38ed1cf9c0df"
          }
        ],
        "ui": {
          "active": false,
          "left": 569.628,
          "top": 314.26,
          "zIndex": 6,
          "widthName": 60,
          "widthComment": 60,
          "color": "#2FFF00"
        },
        "visible": true,
        "id": "197bd2b3-5312-499c-9710-0546820fe583"
      },
      {
        "name": "category",
        "comment": "",
        "columns": [
          {
            "name": "catid",
            "comment": "",
            "dataType": "INT",
            "default": "",
            "option": {
              "autoIncrement": false,
              "primaryKey": true,
              "unique": false,
              "notNull": true
            },
            "ui": {
              "active": false,
              "pk": true,
              "fk": false,
              "pfk": false,
              "widthName": 60,
              "widthComment": 60,
              "widthDataType": 60,
              "widthDefault": 60
            },
            "id": "32b0162a-2492-4901-a87b-c04e6afee153"
          },
          {
            "name": "category",
            "comment": "",
            "dataType": "TEXT",
            "default": "",
            "option": {
              "autoIncrement": false,
              "primaryKey": false,
              "unique": false,
              "notNull": false
            },
            "ui": {
              "active": false,
              "pk": false,
              "fk": false,
              "pfk": false,
              "widthName": 60,
              "widthComment": 60,
              "widthDataType": 60,
              "widthDefault": 60
            },
            "id": "90afad88-a13f-46a4-9558-bbc98561f48e"
          }
        ],
        "ui": {
          "active": false,
          "left": 569.1678,
          "top": 45.0003,
          "zIndex": 2,
          "widthName": 60,
          "widthComment": 60,
          "color": "#89F6D6"
        },
        "visible": true,
        "id": "ff9e0001-b429-47fd-bb52-72e70f764bf6"
      }
    ],
    "indexes": []
  },
  "memo": {
    "memos": []
  },
  "relationship": {
    "relationships": []
  }
}